Red Bull GmbH,Red Bull GmbH,"Red Bull North America, Inc.",http://www.brightscope.com/form-5500/basic-info/434704/Red-Bull-North-America-Inc/440429/Red-Bull-North-America-Inc-Retirement-Income-Plan/2012/
"Gilt Groupe, Inc.","Gilt Groupe, Inc.","Gilt Groupe, Inc.",http://www.brightscope.com/form-5500/basic-info/1263313/Gilt-Groupe-Inc/13809756/Gilt-Groupe-Inc-401k-Plan/2011/
Patagonia Inc.,Patagonia Inc.,Lost Arrow Corporation,http://www.brightscope.com/form-5500/basic-info/426144/Lost-Arrow-Corporation/431758/Lost-Arrow-Corporation-401k-Plan/2012/
Trader Joe's Company,Trader Joe's Company,Trader Joe's Company,http://www.brightscope.com/form-5500/basic-info/663051/Trader-Joes-Company/696952/Trader-Joes-Company-Retirement-Plan/2013/
"Chobani, Inc.","Chobani, Inc.",Chobani Global Holdings Inc,http://www.brightscope.com/form-5500/basic-info/1318907/Chobani-Global-Holdings-Inc/13875813/Chobani-Global-Holdings-Inc-401k-Profit-Sharing-Plan-Trust/2012/
"Chanel, S.A.","Chanel, S.A.","Chanel, Inc.",http://www.brightscope.com/form-5500/basic-info/43229/Chanel-Inc/43803/Chanel-Inc-Savings-And-Investment-Plan/2012/
"J. Crew Group, Inc.","J. Crew Group, Inc.","J. Crew Group, Inc.",http://www.brightscope.com/form-5500/basic-info/97282/J-Crew-Group-Inc/98735/J-Crew-Group-Inc-401k-Savings-Plan/2013/
"Dropbox, Inc.","Dropbox, Inc.","Dropbox, Inc",http://www.brightscope.com/form-5500/basic-info/1288654/Dropbox-Inc/13839711/Dropbox-401k-Plan/2012/
"Charming Charlie, Inc.","Charming Charlie, Inc.","Charming Charlie, Inc.",http://www.brightscope.com/form-5500/basic-info/1260225/Charming-Charlie-Inc/13806086/Charming-Charlie-401k-Plan/2012/
Fitness International LLC,Fitness International LLC,Advantage Fitness Products International LLP,http://www.brightscope.com/form-5500/basic-info/673274/Advantage-Fitness-Products-International-Llp/13811519/Afp-International-Llc-401k-Profit-Sharing-Plan-And-Trust/2010/
"Subway Restaurants (Doctor's Associates, Inc.)","Subway Restaurants (Doctor's Associates, Inc.)","Doctor's Associates, Inc.",http://www.brightscope.com/form-5500/basic-info/28162/Doctors-Associates-Inc/28530/Subway-401k-Savings-Plan-And-Trust/2012/
"Fitbit, Inc.","Fitbit, Inc.",Fitbit Inc,http://www.brightscope.com/form-5500/basic-info/690675/Fitbit-Inc/726955/Fitbit-Inc-401-K-Profit-Sharing-Plan-Trust/2012/
"Monster Cable Products, Inc.","Monster Cable Products, Inc.","Monster Cable Products, Inc.",http://www.brightscope.com/form-5500/basic-info/414914/Monster-Cable-Products-Inc/420372/Monster-Cable-Products-Inc-401k-Plan/2012/
"WhatsApp, Inc.","WhatsApp, Inc.",Whatsapp Inc.,http://www.brightscope.com/form-5500/basic-info/2878999/Whatsapp-Inc/15538630/Whatsapp-Inc-Retirement-Trust/2013/
"Koch Industries, Inc.","Koch Industries, Inc.",Koch Industries Inc.,http://www.brightscope.com/form-5500/basic-info/239233/Koch-Industries-Inc/243169/Koch-Industries-Inc-Employees-Savings-Plan/2012/
"Nest Labs, Inc.","Nest Labs, Inc.","Nest Labs, Inc.",http://www.brightscope.com/form-5500/basic-info/1338455/Nest-Labs-Inc/13897319/Nest-Labs-401k-Plan/2012/
Bose Corporation,Bose Corporation,Bose Corporation,http://www.brightscope.com/form-5500/basic-info/13378/Bose-Corporation/13563/Bose-Employees-Retirement-Savings-401k-Plan/2012/
Dell Inc.,Dell Inc.,Dell Inc.,http://www.brightscope.com/form-5500/basic-info/345936/Dell-Inc/350779/Dell-Inc-401k-Plan/2013/
"Five Guys Holdings, LLC","Five Guys Holdings, LLC","Five Guys Enterprises, LLC",http://www.brightscope.com/form-5500/basic-info/728453/Five-Guys-Enterprises-Llc/768135/Five-Guys-Enterprises-Llc-401k-Plan/2012/
Spotify Ltd.,Spotify Ltd.,Spotify USA Inc,http://www.brightscope.com/form-5500/basic-info/2046480/Spotify-Usa-Inc/14665477/Spotify-Usa-Inc-401-K-Profit-Sharing-Plan-Trust/2012/
"Foursquare Labs, Inc.","Foursquare Labs, Inc.",Foursquare Labs Inc,http://www.brightscope.com/form-5500/basic-info/1331888/Foursquare-Labs-Inc/13890219/Foursquare-Labs-Inc-401-K-Profit-Sharing-Plan-Trust/2012/
"eHarmony.com, Inc.","eHarmony.com, Inc.","eHarmony.com, Inc.",http://www.brightscope.com/form-5500/basic-info/436525/Eharmonycom-Inc/442276/Eharmonycom-Inc-401k-Plan/2012/
"Birchbox, Inc.","Birchbox, Inc.","Birchbox, Inc",http://www.brightscope.com/form-5500/basic-info/1367553/Birchbox-Inc/13965064/Birchbox-Inc-401k-Plan/2012/
"GrubHub Holdings, Inc.","GrubHub Holdings, Inc.","Grubhub, Inc.",http://www.brightscope.com/form-5500/basic-info/1341451/Grubhub-Inc/13900714/Grubhub-Inc-401k-Plan/2012/
"Aliph, Inc. (Jawbone)","Aliph, Inc. (Jawbone)","Jawbone, Inc.",http://www.brightscope.com/form-5500/basic-info/667045/Jawbone-Inc/701477/Jawbone-Inc-401k-Profit-Sharing-Plan/2011/
Deloitte Touche Tohmatsu Limited,Deloitte Touche Tohmatsu Limited,"Deloitte Touche Tohmatsu Services, Inc.",http://www.brightscope.com/form-5500/basic-info/1300832/Deloitte-Touche-Tohmatsu-Services-Inc/13853678/Dtts-401k-Plan/2012/
"TOMS Shoes, Inc.","TOMS Shoes, Inc.",Toms Shoes Inc.,http://www.brightscope.com/form-5500/basic-info/1319593/Toms-Shoes-Inc/13876685/Toms-401k-Plan/2012/
Bloomberg L.P.,Bloomberg L.P.,Bloomberg L.P.,http://www.brightscope.com/form-5500/basic-info/48520/Bloomberg-Lp/49300/Bloomberg-Lp-401k-Plan/2012/
"McKinsey & Company, Inc.","McKinsey & Company, Inc.","McKinsey & Company, Inc.",http://www.brightscope.com/form-5500/basic-info/43897/Mckinsey-Company-Inc/44528/Mckinsey-Company-Inc-Profit-Sharing-Retirement-Plan/2012/
"Tumblr, Inc.","Tumblr, Inc.","Tumblr, Inc.",http://www.brightscope.com/form-5500/basic-info/2871775/Tumblr-Inc/15528366/Tumblr-401k-Plan/2012/
"Forever 21, Inc.","Forever 21, Inc.","Forever 21, Inc.",http://www.brightscope.com/form-5500/basic-info/527836/Forever-21-Inc/544070/Forever-21-Inc-401k-Plan/2012/
"Guitar Center, Inc.","Guitar Center, Inc.","Guitar Center, Inc.",http://www.brightscope.com/form-5500/basic-info/435089/Guitar-Center-Inc/440819/Guitar-Center-Inc-401k-And-Profit-Sharing-Plan/2012/
Vemma Nutrition Co.,Vemma Nutrition Co.,New Vision International,http://www.brightscope.com/form-5500/basic-info/386135/New-Vision-International/391272/New-Vision-International-401k-Plan/2010/
"Palantir Technologies, Inc.","Palantir Technologies, Inc.","Palantir Technologies, Inc.",http://www.brightscope.com/form-5500/basic-info/330543/Palantir-Technologies-Inc/335262/Palantir-Technologies-Inc-401k-Profit-Sharing-Plan-Trust/2012/
"Toys ""R"" Us","Toys ""R"" Us","Toys 'R' Us, Inc.",http://www.brightscope.com/form-5500/basic-info/99727/Toys-R-Us-Inc/101196/Tru-Partnership-Employees-Savings-And-Profit-Sharing-Plan/2012/
"Box, Inc.","Box, Inc.","Phils Cake Box Bakeries, Inc. Dba Alessi Bakeries",http://www.brightscope.com/form-5500/basic-info/293395/Phils-Cake-Box-Bakeries-Inc-Dba-Alessi-Bakeries/297815/Alessi-401k-Plan/2013/
KPMG LLP,KPMG LLP,KPMG LLP,http://www.brightscope.com/form-5500/basic-info/55197/Kpmg-Llp/56131/Kpmg-401k-Plan/2012/
Bass Pro Shops Group,Bass Pro Shops Group,"Bass Pro Group, LLC",http://www.brightscope.com/form-5500/basic-info/1305149/Bass-Pro-Group-Llc/13859448/Bass-Pro-Group-Llc-401k-Thrift-Plan/2013/
"New Era Cap Company, Inc","New Era Cap Company, Inc","New Era Cap Co., Inc.",http://www.brightscope.com/form-5500/basic-info/59651/New-Era-Cap-Co-Inc/13906140/New-Era-Cap-Co-Inc-Savings-Retirement-Plan-For-Management-And-Administrative-Employees/2012/
Space Exploration Technologies Corp.,Space Exploration Technologies Corp.,Space Exploration Technologies Corp.,http://www.brightscope.com/form-5500/basic-info/2363/Space-Exploration-Technologies-Corp/2381/Space-Exploration-Technologies-Corp-401k-Plan/2011/
Beats Electronics LLC,Beats Electronics LLC,"Beats Electronics, LLC",http://www.brightscope.com/form-5500/basic-info/2287258/Beats-Electronics-Llc/14916528/Beats-Electronics-Llc-401k-Plan/2013/
"Fresh Direct Holdings, LLC","Fresh Direct Holdings, LLC","Fresh Direct Holdings, Inc.",http://www.brightscope.com/form-5500/basic-info/42191/Fresh-Direct-Holdings-Inc/42758/Fresh-Direct-401k-Plan/2012/
"Craigslist, Inc.","Craigslist, Inc.","Craigslist, Inc.",http://www.brightscope.com/form-5500/basic-info/421466/Craigslist-Inc/426977/Craigslist-Retirement-Plan/2012/
"Mary Kay, Inc.","Mary Kay, Inc.","Mary Kay, Inc.",http://www.brightscope.com/form-5500/basic-info/350200/Mary-Kay-Inc/355078/Mary-Kay-Inc-Retirement-Plan/2012/
"Airbnb, Inc.","Airbnb, Inc.",Airbnb,http://www.brightscope.com/form-5500/basic-info/2872323/Airbnb/15529162/Airbnb-401k-Plan/2012/
"Bain & Company, Inc.","Bain & Company, Inc.","Bain & Company, Inc.",http://www.brightscope.com/form-5500/basic-info/15370/Bain-Company-Inc/15571/Bain-Company-Inc-401k-Savings-Plan/2012/
Belkin International Inc.,Belkin International Inc.,"Belkin International, Inc.",http://www.brightscope.com/form-5500/basic-info/431814/Belkin-International-Inc/437499/Belkin-International-Inc-Retirement-Plan/2012/
"Petco Animal Supplies, Inc.","Petco Animal Supplies, Inc.","PETCO Animal Supplies Stores, Inc.",http://www.brightscope.com/form-5500/basic-info/139612/Petco-Animal-Supplies-Stores-Inc/141727/Petco-Animal-Supplies-Stores-Inc-401k-Plan/2012/
Gibson Guitar Corp.,Gibson Guitar Corp.,Gibson Guitar Corp.,http://www.brightscope.com/form-5500/basic-info/620292/Gibson-Guitar-Corp/648926/Gibson-Guitar-Corp-401k-Plan/2012/
"Pinkberry Ventures, Inc.","Pinkberry Ventures, Inc.","Pinkberry, Inc.",http://www.brightscope.com/form-5500/basic-info/1259257/Pinkberry-Inc/13804976/Pinkberry-401k-Plan/2013/
"Cirque du Soleil, Inc.","Cirque du Soleil, Inc.","Cirque du Soleil U.S., Inc.",http://www.brightscope.com/form-5500/basic-info/49798/Cirque-Du-Soleil-Us-Inc/50598/Cirque-Du-Soleil-401k-Retirement-Plan/2013/
"Hallmark Cards, Inc.","Hallmark Cards, Inc.","Hallmark Cards, Inc.",http://www.brightscope.com/form-5500/basic-info/232412/Hallmark-Cards-Inc/236254/Profit-Sharing-Ownership-Savings-Plan-Of-Hallmark-Cards-Inc/2012/
Aldi Einkauf GmbH & Co.,Aldi Einkauf GmbH & Co.,ALDI Inc.,http://www.brightscope.com/form-5500/basic-info/221191/Aldi-Inc/224873/Aldi-Inc-Retirement-Savings-Plan/2012/
IKEA,IKEA,"IKEA North America Services, LLC",http://www.brightscope.com/form-5500/basic-info/116081/Ikea-North-America-Services-Llc/117808/Ikea-Retirement-And-Savings-Plan/2012/
"International Coffee & Tea, LLC","International Coffee & Tea, LLC","International Coffee & Tea, LLC",http://www.brightscope.com/form-5500/basic-info/143283/International-Coffee-Tea-Llc/145432/International-Coffee-Tea-Llc-401k-Plan/2012/
"S.C. Johnson & Son, Inc.","S.C. Johnson & Son, Inc.","S.C. Johnson & Son, Inc.",http://www.brightscope.com/form-5500/basic-info/199791/Sc-Johnson-Son-Inc/203042/Sc-Johnson-Son-Inc-Employees-Deferred-Profit-Sharing-And-Savings-Plan/2013/
GoPro,GoPro,Woodman Labs Dba Gopro,http://www.brightscope.com/form-5500/basic-info/1275825/Woodman-Labs-Dba-Gopro/13825102/Woodman-Labs-401k-Plan/2010/
Nasty Gal Inc.,Nasty Gal Inc.,"Nasty Gal, Inc.",http://www.brightscope.com/form-5500/basic-info/1338377/Nasty-Gal-Inc/13897232/Nasty-Gal-Inc-401k-Ps-Plan/2012/
The Boston Consulting Group,The Boston Consulting Group,"The Boston Consulting Group, Inc.",http://www.brightscope.com/form-5500/basic-info/445241/The-Boston-Consulting-Group-Inc/451694/The-Boston-Consulting-Group-Inc-Employees-Profit-Sharing-Retirement-Fund/2012/
Hearst Corporation,Hearst Corporation,The Hearst Corporation,http://www.brightscope.com/form-5500/basic-info/361844/The-Hearst-Corporation/366817/San-Antonio-Express-News-401k-Retirement-Savings-Plan/2013/
"Cox Enterprises, Inc.","Cox Enterprises, Inc.","Cox Enterprises, Inc.",http://www.brightscope.com/form-5500/basic-info/283587/Cox-Enterprises-Inc/287922/Cox-Enterprises-Inc-Savings-Investment-Plan/2012/
"Alticor, Inc.","Alticor, Inc.",Alticor Inc.,http://www.brightscope.com/form-5500/basic-info/186178/Alticor-Inc/189211/Amway-Retirement-Savings-Plan/2012/
"Eventbrite, Inc.","Eventbrite, Inc.",Eventbrite,http://www.brightscope.com/form-5500/basic-info/1292489/Eventbrite/13843998/The-Eventbrite-401k-Plan/2012/
New Belgium Brewing Co.,New Belgium Brewing Co.,"New Belgium Brewing Company, Inc.",http://www.brightscope.com/form-5500/basic-info/378438/New-Belgium-Brewing-Company-Inc/669652/New-Belgium-Brewing-Company-Inc-Employee-Stock-Ownership-Plan/2012/
"TrueCar, Inc.","TrueCar, Inc.","Truecare, LLC",http://www.brightscope.com/form-5500/basic-info/2878744/Truecare-Llc/15538247/Truecare-Llc-Profit-Sharing-Plan/2012/
"Rent the Runway, Inc.","Rent the Runway, Inc.",Rent The Runway,http://www.brightscope.com/form-5500/basic-info/2871503/Rent-The-Runway/15527987/Rent-The-Runway-401k-Plan/2012/
Cargill Incorporated,Cargill Incorporated,Cargill Incorporated,http://www.brightscope.com/form-5500/basic-info/209421/Cargill-Incorporated/212912/The-Cargill-Partnership-Plan/2013/
"Cloudera, Inc.","Cloudera, Inc.","Cloudera, Inc.",http://www.brightscope.com/form-5500/basic-info/1289287/Cloudera-Inc/13840418/Cloudera-Inc-401k-Profit-Sharing-Plan-And-Trust/2013/
"AirWatch, LLC","AirWatch, LLC",Airwatch LLC,http://www.brightscope.com/form-5500/basic-info/2872184/Airwatch-Llc/15528961/Airwatch-401k-And-Profit-Sharing-Plan/2012/
"Roku, Inc.","Roku, Inc.",Roku Inc,http://www.brightscope.com/form-5500/basic-info/1274721/Roku-Inc/13823743/Roku-Inc-401k-Plan/2012/
"Speculative Product Design, LLC","Speculative Product Design, LLC","Speculative Products Design, LLC",http://www.brightscope.com/form-5500/basic-info/409168/Speculative-Products-Design-Llc/13907266/Speculative-Products-Design-Llc-Retirement-Trust/2012/
Publix Super Markets Inc.,Publix Super Markets Inc.,"Publix Super Markets, Inc.",http://www.brightscope.com/form-5500/basic-info/291963/Publix-Super-Markets-Inc/620106/Publix-Super-Markets-Inc-Employee-Stock-Ownership-Plan-Trust/2012/
"Anytime Fitness, Inc.","Anytime Fitness, Inc.","Anytime Fitness Spring Hill, Inc.",http://www.brightscope.com/form-5500/basic-info/88141/Anytime-Fitness-Spring-Hill-Inc/89393/Anytime-Fitness-Spring-Hill-Inc-Profit-Sharing-Plan-Trust/2012/
"Hobby Lobby Stores, Inc.","Hobby Lobby Stores, Inc.","Hobby Lobby Stores, Inc.",http://www.brightscope.com/form-5500/basic-info/339326/Hobby-Lobby-Stores-Inc/13816286/Savings-Incentive-And-Profit-Sharing-Plan-For-Employees-Of-The-Hobby-Lobby-Group/2012/
"Alex and Ani, LLC","Alex and Ani, LLC","Alex and Ani, LLC",http://www.brightscope.com/form-5500/basic-info/1329244/Alex-And-Ani-Llc/13887373/Alex-And-Ani-Llc-401k-Plan/2013/
One Kings Lane,One Kings Lane,One Kings Lane Inc.,http://www.brightscope.com/form-5500/basic-info/1281596/One-Kings-Lane-Inc/13831746/One-Kings-Lane-Inc-401k-Plan/2013/
Hulu LLC,Hulu LLC,"Hulu, LLC",http://www.brightscope.com/form-5500/basic-info/443141/Hulu-Llc/449222/Hulu-Llc-Retirement-Trust/2012/
Fidelity Investments,Fidelity Investments,Fidelity Investments,http://www.brightscope.com/form-5500/basic-info/1286331/Fidelity-Investments/13837061/Howard-R-Broadman-Law-Corp-Self-Employed-401k/2013/
3D Robotics Inc.,3D Robotics Inc.,The Robotics Foundry and Digital Greenhouse,http://www.brightscope.com/form-5500/basic-info/123377/The-Robotics-Foundry-And-Digital-Greenhouse/125291/The-Technology-Collaborative-401k-Plan/2012/
Christian Louboutin S.A.,Christian Louboutin S.A.,Christian Louboutin LLC,http://www.brightscope.com/form-5500/basic-info/1290099/Christian-Louboutin-Llc/13841321/Christian-Louboutin-Llc-Profit-Sharing-Plan-Trust/2013/
"Gold's Gym International, Inc.","Gold's Gym International, Inc.","Gold's Gym International, Inc.",http://www.brightscope.com/form-5500/basic-info/265320/Golds-Gym-International-Inc/269512/Golds-Gym-International-Inc-401k-Savings-Plan/2011/
Jimmy John's Gourmet Sandwich Shops,Jimmy John's Gourmet Sandwich Shops,"Jimmy John's Franchise, LLC",http://www.brightscope.com/form-5500/basic-info/89484/Jimmy-Johns-Franchise-Llc/90769/Jimmy-Johns-401k-Retirement-Plan/2012/
TriZetto Corporation,TriZetto Corporation,"The TriZetto Group, Inc.",http://www.brightscope.com/form-5500/basic-info/142360/The-Trizetto-Group-Inc/144507/The-Trizetto-Group-Inc-401k-Plan/2012/
Spanx Inc.,Spanx Inc.,"Spanx, Inc",http://www.brightscope.com/form-5500/basic-info/593227/Spanx-Inc/13791974/Spanx-Inc-401k-Profit-Sharing-Plan-Trust/2012/
"Vineyard Vines, L.L.C.","Vineyard Vines, L.L.C.","Vineyard Vines, Llc",http://www.brightscope.com/form-5500/basic-info/33721/Vineyard-Vines-Llc/34168/Vineyard-Vines-401k-Plan/2012/
"Bausch & Lomb, Inc.","Bausch & Lomb, Inc.",Bausch & Lomb Incorporated,http://www.brightscope.com/form-5500/basic-info/59322/Bausch-Lomb-Incorporated/60323/The-Bausch-Lomb-401k-Account-Plan/2012/
PricewaterhouseCoopers International Ltd.,PricewaterhouseCoopers International Ltd.,PricewaterhouseCoopers LLP,http://www.brightscope.com/form-5500/basic-info/52643/Pricewaterhousecoopers-Llp/53479/Savings-Plan-For-Employees-And-Partners-Of-Pricewaterhousecoopers-Llp/2012/
"Bodybuilding.com, LLC","Bodybuilding.com, LLC","McCartney Construction Company, Inc. & Calhoun Asphalt Company, Inc.",http://www.brightscope.com/form-5500/basic-info/314137/Mccartney-Construction-Company-Inc-Calhoun-Asphalt-Company-Inc/318738/401k-Plan-For-Employees-Of-Mccartney-Construction-Company-Inc-And-Calhoun-Asphalt-Company-Inc/2013/
Asurion LLC,Asurion LLC,Asurion Corporation,http://www.brightscope.com/form-5500/basic-info/419319/Asurion-Corporation/424815/Asurion-Llc-401k-Plan/2012/
"New Balance Athletic Shoe, Inc.","New Balance Athletic Shoe, Inc.","New Balance Athletic Shoe, Inc.",http://www.brightscope.com/form-5500/basic-info/11781/New-Balance-Athletic-Shoe-Inc/11905/New-Balance-Athletic-Shoe-Inc-Employee-Savings-And-Security-Plan/2012/
"BodyMedia, Inc.","BodyMedia, Inc.","Bodymedia, Inc.",http://www.brightscope.com/form-5500/basic-info/123456/Bodymedia-Inc/125373/Bodymedia-Inc-401k-Plan/2013/
Evernote Corp.,Evernote Corp.,Evernote Corporation,http://www.brightscope.com/form-5500/basic-info/77202/Evernote-Corporation/78364/Evernote-Corporation-401k-Profit-Sharing-Plan/2012/
Roll Global,Roll Global,"Roll Global, LLC",http://www.brightscope.com/form-5500/basic-info/1345982/Roll-Global-Llc/13905947/Roll-Group-401k-Profit-Sharing-Plan/2012/
McKee Foods Corporation,McKee Foods Corporation,McKee Foods Corporation,http://www.brightscope.com/form-5500/basic-info/308038/Mckee-Foods-Corporation/312571/Mckee-Foods-Retirement-Plan/2012/
Moe's Southwest Grill,Moe's Southwest Grill,"Moe's of Cary, LLC",http://www.brightscope.com/form-5500/basic-info/282339/Moes-Of-Cary-Llc/286650/Moes-401k-Plan/2013/
"23andMe, Inc.","23andMe, Inc.","23Andme, Inc.",http://www.brightscope.com/form-5500/basic-info/489305/23andme-Inc/501185/23andme-Inc-401k-Plan/2012/
Edible Arrangements International LLC,Edible Arrangements International LLC,"Edible Arrangements International, Inc.",http://www.brightscope.com/form-5500/basic-info/34259/Edible-Arrangements-International-Inc/34711/Edible-Arrangements-International-401k-Profit-Sharing-Plan/2010/
Boku Inc.,Boku Inc.,"Boku, Inc.",http://www.brightscope.com/form-5500/basic-info/1284953/Boku-Inc/13835521/Boku-Inc-401-K-Plan/2013/
oDesk Corporation,oDesk Corporation,Odesk Corporation,http://www.brightscope.com/form-5500/basic-info/54626/Odesk-Corporation/55481/Odesk-Corporation-401k-Retirement-Plan/2012/
Shazam Entertainment Ltd,Shazam Entertainment Ltd,Shazam Support Services Inc,http://www.brightscope.com/form-5500/basic-info/1282682/Shazam-Support-Services-Inc/13832963/Shazam-Support-Services-Inc-401k-Plan/2013/
"Wawa, Inc.","Wawa, Inc.","Wawa, Inc.",http://www.brightscope.com/form-5500/basic-info/89815/Wawa-Inc/507338/Wawa-Inc-Employee-Stock-Ownership-Plan/2012/
"mophie, LLC","mophie, LLC","Mophie, LLC",http://www.brightscope.com/form-5500/basic-info/1289344/Mophie-Llc/13840478/Mophie-401k-Plan/2012/
"TaskRabbit, Inc.","TaskRabbit, Inc.","Taskrabbit, Inc",http://www.brightscope.com/form-5500/basic-info/1327445/Taskrabbit-Inc/13885423/Taskrabbit-401k-Plan/2012/
"ModCloth, Inc","ModCloth, Inc","Modcloth, Inc.",http://www.brightscope.com/form-5500/basic-info/1309787/Modcloth-Inc/13865036/Modcloth-Inc-401k-Profit-Sharing-Plan/2012/
"Ebsco Industries, Inc.","Ebsco Industries, Inc.","EBSCO Industries, Inc.",http://www.brightscope.com/form-5500/basic-info/317968/Ebsco-Industries-Inc/322598/Ebsco-Savings-And-Profit-Sharing-Plan/2012/
"Rue La La, Inc.","Rue La La, Inc.",De La Rue North America Holdings Inc.,http://www.brightscope.com/form-5500/basic-info/1255877/De-La-Rue-North-America-Holdings-Inc/13801094/De-La-Rue-401k-Matched-Savings-Plan/2012/
Sierra Nevada Brewing Co.,Sierra Nevada Brewing Co.,"Modcloth, Inc.",http://www.brightscope.com/form-5500/basic-info/1309787/Modcloth-Inc/13865036/Modcloth-Inc-401k-Profit-Sharing-Plan/2012/
Eddie Bauer LLC,Eddie Bauer LLC,Eddie Bauer LLC,http://www.brightscope.com/form-5500/basic-info/1248565/Eddie-Bauer-Llc/13792543/Eddie-Bauer-401k-Savings-Plan/2012/
"Whataburger Restaurants, LP","Whataburger Restaurants, LP",Whataburger Restaurants LP,http://www.brightscope.com/form-5500/basic-info/343513/Whataburger-Restaurants-Lp/348343/Whataburger-Profit-Sharing-And-401k-Savings-Plan/2012/
Bacardi Limited,Bacardi Limited,Bacardi Corporation,http://www.brightscope.com/form-5500/basic-info/611014/Bacardi-Corporation/13795223/Bacardi-Corp-Defined-Contribution-Administrative-Employees-Plan-Before-October-1st-2004/2012/
"Practice Fusion, Inc.","Practice Fusion, Inc.","Practice Fusion, Inc.",http://www.brightscope.com/form-5500/basic-info/1261974/Practice-Fusion-Inc/13808135/Practice-Fusion-Inc-401k-Plan/2012/
Amway,Amway,Amway Hotel Corporation,http://www.brightscope.com/form-5500/basic-info/189501/Amway-Hotel-Corporation/192609/Amway-Hotel-Corporation-401k-Retirement-And-Savings-Plan/2012/
Guthy-Renker LLC,Guthy-Renker LLC,Guthy-Renker LLC,http://www.brightscope.com/form-5500/basic-info/140525/Guthy-Renker-Llc/142656/Guthy-Renker-Llc-401k-Savings-And-Retirement-Plan/2012/
"DocuSign, Inc.","DocuSign, Inc.","Docusign, Inc.",http://www.brightscope.com/form-5500/basic-info/403537/Docusign-Inc/408817/Docusign-Inc-401k-Plan/2012/
"Braintree Payment Solutions, LLC","Braintree Payment Solutions, LLC","Braintree Payment Solutions, LLC",http://www.brightscope.com/form-5500/basic-info/1240915/Braintree-Payment-Solutions-Llc/13783773/Braintree-Payment-Solutions-Llc-401k-Plan/2012/
"Flipboard, Inc.","Flipboard, Inc.",Flipboard,http://www.brightscope.com/form-5500/basic-info/1278474/Flipboard/13828232/Flipboard-Inc-401k-Plan/2012/
Pebble Technology Corp.,Pebble Technology Corp.,"Pebble Technology, Inc.",http://www.brightscope.com/form-5500/basic-info/384854/Pebble-Technology-Inc/389986/Pebble-Technology-Inc-401k-Profit-Sharing-Plan/2013/
Giorgio Armani S.p.A.,Giorgio Armani S.p.A.,Giorgio Armani Corporation,http://www.brightscope.com/form-5500/basic-info/47453/Giorgio-Armani-Corporation/48190/Giorgio-Armaniemporio-Armani-401k-Plan/2012/
Blackboard Inc.,Blackboard Inc.,"Blackboard, Inc.",http://www.brightscope.com/form-5500/basic-info/253922/Blackboard-Inc/258015/Blackboard-Inc-401k-Plan/2013/
Eileen Fisher Inc.,Eileen Fisher Inc.,"Eileen Fisher, Inc.",http://www.brightscope.com/form-5500/basic-info/48225/Eileen-Fisher-Inc/15529012/Eileen-Fisher-Inc-Employee-Stock-Ownership-Plan/2012/
Kohler Co.,Kohler Co.,Kohler Co. & Subsidiaries,http://www.brightscope.com/form-5500/basic-info/199814/Kohler-Co-Subsidiaries/203069/Kohler-Co-401k-Savings-Plan-For-Administrative-Associates/2012/
"Elance, Inc.","Elance, Inc.","Elance, Inc.",http://www.brightscope.com/form-5500/basic-info/102651/Elance-Inc/104152/Elance-401k-Plan/2012/
Cengage Learning Inc.,Cengage Learning Inc.,"Cengage Learning, Inc.",http://www.brightscope.com/form-5500/basic-info/596728/Cengage-Learning-Inc/623130/The-Cengage-Learning-Inc-401k-Savings-Plan/2012/
The ServiceMaster Company,The ServiceMaster Company,The ServiceMaster Company,http://www.brightscope.com/form-5500/basic-info/175073/The-Servicemaster-Company/177824/Servicemaster-Profit-Sharing-And-Retirement-Plan/2012/
Apigee Corp.,Apigee Corp.,Apigee Corporation,http://www.brightscope.com/form-5500/basic-info/74628/Apigee-Corporation/75776/Apigee-Corporation-401k-Plan/2012/
"Icon Health & Fitness, Inc.","Icon Health & Fitness, Inc.","ICON Health & Fitness, Inc.",http://www.brightscope.com/form-5500/basic-info/390195/Icon-Health-Fitness-Inc/395355/Icon-Health-Fitness-Inc-401k-Plan/2012/
Razer Inc.,Razer Inc.,Razer USA Ltd,http://www.brightscope.com/form-5500/basic-info/2445293/Razer-Usa-Ltd/15080355/Razer-Usa-Ltd-401k-Plan/2012/
"Blue Jeans Network, Inc.","Blue Jeans Network, Inc.","Blue Jeans Network, Inc.",http://www.brightscope.com/form-5500/basic-info/1311444/Blue-Jeans-Network-Inc/13866994/Blue-Jeans-Network-Inc-401-K-Plan/2012/
"Prosper Marketplace, Inc.","Prosper Marketplace, Inc.","Prosper Marketplace, Inc.",http://www.brightscope.com/form-5500/basic-info/342148/Prosper-Marketplace-Inc/346964/Prosper-Marketplace-Inc-401k-Plan/2013/
"1Life Healthcare, Inc.","1Life Healthcare, Inc.",1Life Healthcare Inc.,http://www.brightscope.com/form-5500/basic-info/712232/1life-Healthcare-Inc/750082/1life-Healthcare-Inc-401k-Plan/2012/
"Arbonne International, LLC","Arbonne International, LLC",Arbonne International,http://www.brightscope.com/form-5500/basic-info/142376/Arbonne-International/144523/Arbonne-International-401k-Profit-Sharing-Plan/2012/
AppNexus Inc.,AppNexus Inc.,Appnexus Inc.,http://www.brightscope.com/form-5500/basic-info/2873438/Appnexus-Inc/15530882/Appnexus-Inc-401k-Plan/2012/
"Glam Media, Inc.","Glam Media, Inc.","Glam Media, Inc.",http://www.brightscope.com/form-5500/basic-info/481674/Glam-Media-Inc/493320/Glam-Media-Inc-401k-Plan/2013/
"Appirio, Inc.","Appirio, Inc.","Appirio, Inc.",http://www.brightscope.com/form-5500/basic-info/704394/Appirio-Inc/741597/Appirio-Inc-Retirement-Savings-Plan/2012/
"ShoeDazzle.com, Inc.","ShoeDazzle.com, Inc.","McCartney Construction Company, Inc. & Calhoun Asphalt Company, Inc.",http://www.brightscope.com/form-5500/basic-info/314137/Mccartney-Construction-Company-Inc-Calhoun-Asphalt-Company-Inc/318738/401k-Plan-For-Employees-Of-Mccartney-Construction-Company-Inc-And-Calhoun-Asphalt-Company-Inc/2013/
Blue Diamond Growers,Blue Diamond Growers,Blue Diamond Growers,http://www.brightscope.com/form-5500/basic-info/410477/Blue-Diamond-Growers/415833/Blue-Diamond-Growers-Retirement-Savings-Plan/2012/
"Boar's Head Provisions Co., Inc.","Boar's Head Provisions Co., Inc.","Boar's Head Provisions Co., Inc.",http://www.brightscope.com/form-5500/basic-info/35485/Boars-Head-Provisions-Co-Inc/35951/Boars-Head-Provisions-Co-Inc-401k-And-Profit-Sharing-Plan/2012/
CH2M Hill Ltd.,CH2M Hill Ltd.,"CH2M Hill Companies, Ltd.",http://www.brightscope.com/form-5500/basic-info/405185/Ch2m-Hill-Companies-Ltd/410500/Ch2m-Hill-Retirement-And-Tax-Deferred-Savings-Plan/2013/
ideeli Inc.,ideeli Inc.,"Ideeli, Inc.",http://www.brightscope.com/form-5500/basic-info/1319566/Ideeli-Inc/13876651/Ideeli-Inc-401k-Plan/2012/
"ACN, Inc.","ACN, Inc.",Acnb Bank,http://www.brightscope.com/form-5500/basic-info/104869/Acnb-Bank/106409/Acnb-Bank-Salary-Savings-Plan/2012/
Goya Foods Inc.,Goya Foods Inc.,"Goya Foods, Inc.",http://www.brightscope.com/form-5500/basic-info/457451/Goya-Foods-Inc/465598/Goya-Foods-Inc-Retirement-401k-Savings-Plan/2013/
Carhartt Inc.,Carhartt Inc.,"Carhartt, Inc.",http://www.brightscope.com/form-5500/basic-info/186316/Carhartt-Inc/189356/Carhartt-Inc-401k-Profit-Sharing-Plan/2013/
"Laureate Education, Inc.","Laureate Education, Inc.","Laureate Education, Inc.",http://www.brightscope.com/form-5500/basic-info/249579/Laureate-Education-Inc/253638/Laureate-Education-Inc-401k-Retirement-Savings-Plan/2013/
Lush Limited,Lush Limited,"Heltzel, Williams, Yandell, Roth, Smith, Petersen & Lush, P.C.",http://www.brightscope.com/form-5500/basic-info/408274/Heltzel-Williams-Yandell-Roth-Smith-Petersen-Lush-Pc/413614/The-Advocates-Profit-Sharing-Plan/2012/
Path Inc.,Path Inc.,"The Delta Pathology Group, LLP",http://www.brightscope.com/form-5500/basic-info/335285/The-Delta-Pathology-Group-Llp/340057/The-Delta-Pathology-Group-Llp-401k-Profit-Sharing-Plan/2012/
E&J Gallo Winery,E&J Gallo Winery,E & J Gallo Winery,http://www.brightscope.com/form-5500/basic-info/410722/E-J-Gallo-Winery/416094/E-J-Gallo-Winery-Retirement-Plan/2013/
Gazelle,Gazelle,"Gazelle Technologies, Inc.",http://www.brightscope.com/form-5500/basic-info/442753/Gazelle-Technologies-Inc/448823/Gazelle-Technologies-Inc-401k-Profit-Sharing-Plan/2012/
"Lutron Electronics Company, Inc.","Lutron Electronics Company, Inc.","Lutron Electronics Company, Inc.",http://www.brightscope.com/form-5500/basic-info/106015/Lutron-Electronics-Company-Inc/107621/Lutron-Retirement-Plan/2012/
"Maker Studios, Inc.","Maker Studios, Inc.",Maker Studios,http://www.brightscope.com/form-5500/basic-info/2871649/Maker-Studios/15528182/Maker-Studios-401k-Plan/2012/
"Ashley Furniture Industries, Inc.","Ashley Furniture Industries, Inc.","Ashley Furniture Industries, Inc.",http://www.brightscope.com/form-5500/basic-info/202042/Ashley-Furniture-Industries-Inc/205420/Ashley-Furniture-Industries-Inc-Profit-Sharing-401k-Plan/2012/
QuikTrip Corporation,QuikTrip Corporation,QuikTrip Corporation,http://www.brightscope.com/form-5500/basic-info/338648/Quiktrip-Corporation/343442/Quiktrip-Corporation-Retirement-Plan/2012/
"Brooks Brothers, Inc.","Brooks Brothers, Inc.","Brooks Brothers Group, Inc.",http://www.brightscope.com/form-5500/basic-info/244060/Brooks-Brothers-Group-Inc/592562/Brooks-Brothers-401k-Retirement-Savings-Plan/2012/
"Zaarly, Inc.","Zaarly, Inc.",Zaarly Inc,http://www.brightscope.com/form-5500/basic-info/1323484/Zaarly-Inc/13881124/Zaarly-Inc-401-K-Profit-Sharing-Plan-Trust/2013/
Aldo Group Inc.,Aldo Group Inc.,"The Aldo Group Us, Inc.",http://www.brightscope.com/form-5500/basic-info/57352/The-Aldo-Group-Us-Inc/58326/Aldo-Us-Inc-Savings-And-Investment-Plan/2012/
Booz & Company Inc.,Booz & Company Inc.,Booz & Company N.A. Inc.,http://www.brightscope.com/form-5500/basic-info/723297/Booz-Company-Na-Inc/762203/Booz-Company-Na-Inc-Employees-Capital-Accumulation-Plan/2012/
"Fisker Automotive, Inc.","Fisker Automotive, Inc.","Fisker Automotive, Inc.",http://www.brightscope.com/form-5500/basic-info/1303738/Fisker-Automotive-Inc/13857540/Fisker-Automotive-Inc-Retirement-Plan/2013/
"IMG Worldwide, Inc.","IMG Worldwide, Inc.","IMG Worldwide, Inc.",http://www.brightscope.com/form-5500/basic-info/147195/Img-Worldwide-Inc/149420/Img-Employee-401k-Savings-Plan/2012/
Sierra Nevada Corporation,Sierra Nevada Corporation,Sierra Nevada Corporation,http://www.brightscope.com/form-5500/basic-info/391337/Sierra-Nevada-Corporation/396502/Sierra-Nevada-Corporation-401k-Profit-Sharing-Plan/2013/
Boston Market Corporation,Boston Market Corporation,Boston Market Corporation,http://www.brightscope.com/form-5500/basic-info/543871/Boston-Market-Corporation/562713/Boston-Market-Corporation-401k-Plan/2013/
"HubSpot, Inc.","HubSpot, Inc.","Hubspot, Inc.",http://www.brightscope.com/form-5500/basic-info/719572/Hubspot-Inc/758198/Hubspot-Inc-401k-Profit-Sharing-Plan-Trust/2012/
Ace Hardware Corporation,Ace Hardware Corporation,Ace Hardware Corporation,http://www.brightscope.com/form-5500/basic-info/164145/Ace-Hardware-Corporation/166626/Ace-Hardware-Corporation-401k-Savings-And-Retirement-Plan/2012/
"Menard, Inc.","Menard, Inc.","Menard, Inc.",http://www.brightscope.com/form-5500/basic-info/201108/Menard-Inc/204470/Menard-Inc-401k-Plan/2013/
"INFOR, Inc.","INFOR, Inc.","Vermont Information Processing, Inc.",http://www.brightscope.com/form-5500/basic-info/7451/Vermont-Information-Processing-Inc/7502/Vermont-Information-Processing-Inc-Profit-Sharing-Plan/2013/
"37signals, LLC","37signals, LLC",Board of Trustees of Plumbers and Steamfitters Local 373 U.A. Annuity,http://www.brightscope.com/form-5500/basic-info/467811/Board-Of-Trustees-Of-Plumbers-And-Steamfitters-Local-373-Ua-Annuity/477653/Local-Union-373-Ua-Annuity-Fund/2012/
In-N-Out Burgers Inc.,In-N-Out Burgers Inc.,"In-N-Out Burger, Inc.",http://www.brightscope.com/form-5500/basic-info/424596/In-N-Out-Burger-Inc/430172/In-N-Out-Burger-Associates-Profit-Sharing-Plan/2013/
Wayfair LLC,Wayfair LLC,Wayfair LLC,http://www.brightscope.com/form-5500/basic-info/695955/Wayfair-Llc/732496/Wayfair-Llc-401k-Plan-Trust/2013/
"SAS Institute, Inc.","SAS Institute, Inc.",SAS Institute Inc.,http://www.brightscope.com/form-5500/basic-info/271019/Sas-Institute-Inc/275251/Sas-Retirement-Plan/2013/
"Coupons.com, Inc.","Coupons.com, Inc.","Coupons, Inc.",http://www.brightscope.com/form-5500/basic-info/633727/Coupons-Inc/663750/Couponscom-Incorporated-401k-Plan/2012/
"Cook Group, Inc.","Cook Group, Inc.",Cook Group Incorporated,http://www.brightscope.com/form-5500/basic-info/157256/Cook-Group-Incorporated/159677/Cook-Group-Inc-Profit-Sharing-Plan/2012/
"Aereo, Inc.","Aereo, Inc.",Transportes Aereos Mercentiles Panamericanos,http://www.brightscope.com/form-5500/basic-info/295019/Transportes-Aereos-Mercentiles-Panamericanos/299450/Tampa-Cargo-Dba-Tampa-Airlines-401k-Profit-Sharing-Plan/2012/
Sephora S.A.,Sephora S.A.,Sephora USA Inc.,http://www.brightscope.com/form-5500/basic-info/421198/Sephora-Usa-Inc/426707/Sephora-Retirement-Plan/2013/
Arthrex Inc.,Arthrex Inc.,Arthrex Inc.,http://www.brightscope.com/form-5500/basic-info/30291/Arthrex-Inc/30699/Arthrex-401k-Retirement-Savings-Plan/2012/
Alibaba Group Holding Ltd.,Alibaba Group Holding Ltd.,"Alibaba. Com, Inc",http://www.brightscope.com/form-5500/basic-info/712562/Alibaba-Com-Inc/750445/Alibaba-Com-Inc-401k-Plan/2012/
"Wegmans Food Markets, Inc.","Wegmans Food Markets, Inc.",Wegmans Food Markets Inc.,http://www.brightscope.com/form-5500/basic-info/62799/Wegmans-Food-Markets-Inc/63863/The-Wegmans-Retirement-Plans/2012/
"180 Medical, Inc.","180 Medical, Inc.","180 Medical, Inc.",http://www.brightscope.com/form-5500/basic-info/718435/180-Medical-Inc/756980/180-Medical-Inc-401k-Plan/2012/
"VIZIO, Inc.","VIZIO, Inc.","VIZIO, Inc.",http://www.brightscope.com/form-5500/basic-info/544383/Vizio-Inc/563290/Vizio-Inc-401k-Plan/2012/
Zazzle Inc.,Zazzle Inc.,"Zazzle, Inc.",http://www.brightscope.com/form-5500/basic-info/368222/Zazzle-Inc/373235/Zazzlecom-401k-Plan/2012/
Clif Bar & Company,Clif Bar & Company,Clif Bar & Company,http://www.brightscope.com/form-5500/basic-info/419678/Clif-Bar-Company/13820688/Clif-Bar-Company-Employee-Stock-Ownership-Plan/2012/
Harpo Inc.,Harpo Inc.,"Harpoint Holdings, Inc.",http://www.brightscope.com/form-5500/basic-info/67486/Harpoint-Holdings-Inc/68577/Harpoint-Holdings-Inc-401kprofit-Sharing-Plan/2012/
"Panda Restaurant Group, Inc.","Panda Restaurant Group, Inc.","Panda Restaurant Group, Inc.",http://www.brightscope.com/form-5500/basic-info/431865/Panda-Restaurant-Group-Inc/437551/Panda-Retirement-Plan/2012/
"Zoosk, Inc.","Zoosk, Inc.","Zoosk, Inc.",http://www.brightscope.com/form-5500/basic-info/1262863/Zoosk-Inc/13809226/Zoosk-Inc-401k-Plan/2012/
"Medline Industries, Inc.","Medline Industries, Inc.","Medline Industries, Inc.",http://www.brightscope.com/form-5500/basic-info/166630/Medline-Industries-Inc/169241/Medline-Industries-Inc-Employees-Profit-Sharing-Retirement-Plan/2013/
"The Schwan Food Company, LLC","The Schwan Food Company, LLC",The Schwan Food Company,http://www.brightscope.com/form-5500/basic-info/371524/The-Schwan-Food-Company/376555/The-Schwan-Food-Company-Retirement-Savings-Plan/2012/
"CKE Restaurants, Inc.","CKE Restaurants, Inc.","CKE Restaurants, Inc.",http://www.brightscope.com/form-5500/basic-info/140679/Cke-Restaurants-Inc/142812/Cke-Savings-Plan/2012/
"Telogis, Inc.","Telogis, Inc.","Telogis, Inc.",http://www.brightscope.com/form-5500/basic-info/699248/Telogis-Inc/735905/Telogis-Inc-401k-Plan/2012/
"Recreational Equipment, Inc","Recreational Equipment, Inc","Recreational Equipment, Inc.",http://www.brightscope.com/form-5500/basic-info/394346/Recreational-Equipment-Inc/399554/Recreational-Equipment-Inc-Retirement-And-Profit-Sharing-Plan/2012/
LEGO A/S,LEGO A/S,"LEGO Systems, Inc.",http://www.brightscope.com/form-5500/basic-info/28600/Lego-Systems-Inc/28974/Lego-Us-Retirement-Plan/2013/
"Kabbage, Inc.","Kabbage, Inc.","Kabbage, Inc",http://www.brightscope.com/form-5500/basic-info/1338213/Kabbage-Inc/13897053/Kabbage-Inc-401k-Plan/2013/
IMS Health Incorporated,IMS Health Incorporated,"IMS Health, Inc.",http://www.brightscope.com/form-5500/basic-info/33499/Ims-Health-Inc/33942/The-Ims-Health-Puerto-Rico-Inc1165esavings-Pla/2012/
"Biomet, Inc.","Biomet, Inc.","Biomet, Inc.",http://www.brightscope.com/form-5500/basic-info/158700/Biomet-Inc/161136/Biomet-Inc-401k-Savings-And-Retirement-Plan/2012/
"1 Source Consulting, Inc.","1 Source Consulting, Inc.","1 Source Consulting, Inc.",http://www.brightscope.com/form-5500/basic-info/254686/1-Source-Consulting-Inc/258785/1-Source-Consulting-Inc-401-K-Profit-Sharing-Plan/2012/
"Blue Buffalo Company, Ltd.","Blue Buffalo Company, Ltd.",The Blue Buffalo Company Ltd,http://www.brightscope.com/form-5500/basic-info/492361/The-Blue-Buffalo-Company-Ltd/504297/The-Blue-Buffalo-Company-401k-Plan/2012/
Levi Strauss & Co.,Levi Strauss & Co.,Levi Strauss & Co. & Subsidiaries,http://www.brightscope.com/form-5500/basic-info/910294/Levi-Strauss-Co-Subsidiaries/1124259/Employee-Savings-And-Investment-Plan-Of-Levi-Strauss-Co/2011/
McMaster-Carr Supply Co.,McMaster-Carr Supply Co.,McMaster-Carr Supply Company,http://www.brightscope.com/form-5500/basic-info/536170/Mcmaster-Carr-Supply-Company/553698/Mcmaster-Carr-Supply-Company-Profit-Sharing-Trust/2013/
Coyote Logistics LLC,Coyote Logistics LLC,"Coyote Logistics, LLC",http://www.brightscope.com/form-5500/basic-info/87677/Coyote-Logistics-Llc/88926/Coyote-401k-Savings-Plan/2012/
"Adaptive Planning, Inc.","Adaptive Planning, Inc.","Adaptive Planning, Inc.",http://www.brightscope.com/form-5500/basic-info/324544/Adaptive-Planning-Inc/329225/Adaptive-Planning-Inc-401k-Plan/2012/
"CrossFit, Inc.","CrossFit, Inc.","Crossfit, Inc.",http://www.brightscope.com/form-5500/basic-info/1237728/Crossfit-Inc/13780147/Crossfit-Inc-401k-Profit-Sharing-Plan/2012/
National Football League,National Football League,National Football League,http://www.brightscope.com/form-5500/basic-info/44083/National-Football-League/473498/Nfl-Pension-Plan/2012/
GoDaddy.com,GoDaddy.com,"GoDaddy.com, LLC",http://www.brightscope.com/form-5500/basic-info/386605/Godaddycom-Llc/391747/Godaddycom-Llc-401k-Plan/2012/
"Gallup, Inc.","Gallup, Inc.","Gallup, Inc.",http://www.brightscope.com/form-5500/basic-info/90016/Gallup-Inc/91319/Gallup-Retirement-And-Savings-Plan/2012/
"Mobile Iron, Inc.","Mobile Iron, Inc.","Mobile Iron, Inc.",http://www.brightscope.com/form-5500/basic-info/693686/Mobile-Iron-Inc/730200/Mobile-Iron-Inc-401k-Plan/2013/
"Harvest Power, Inc.","Harvest Power, Inc.","Harvest Power, Inc.",http://www.brightscope.com/form-5500/basic-info/1337939/Harvest-Power-Inc/13896747/Harvest-401k-Plan/2012/
Dave & Busters Inc,Dave & Busters Inc,"Dave & Buster's, Inc.",http://www.brightscope.com/form-5500/basic-info/725891/Dave-Busters-Inc/765195/Dave-Busters-401k-Savings-Plan/2012/
Epic Systems Corporation,Epic Systems Corporation,Epic Systems Corporation,http://www.brightscope.com/form-5500/basic-info/203520/Epic-Systems-Corporation/206924/Epic-Systems-Corporation-401k-Plan/2013/
"Method Products, Inc.","Method Products, Inc.","Method Products, Inc",http://www.brightscope.com/form-5500/basic-info/422035/Method-Products-Inc/427551/People-Against-Dirty-401k-Plan/2012/
Net-A-Porter Group Limited,Net-A-Porter Group Limited,"The Management Network Group, Inc.",http://www.brightscope.com/form-5500/basic-info/241544/The-Management-Network-Group-Inc/245500/Tmng-401kprofit-Sharing-Plan/2012/
Chrysler Group LLC,Chrysler Group LLC,Chrysler Group LLC,http://www.brightscope.com/form-5500/basic-info/1303824/Chrysler-Group-Llc/13859360/Chrysler-Group-Llc-Salaried-Employees-Savings-Plan/2012/
Turn Inc.,Turn Inc.,"Advance Turning & Manufacturing, Inc.",http://www.brightscope.com/form-5500/basic-info/187879/Advance-Turning-Manufacturing-Inc/190966/Advance-Turning-Manufacturing-Inc-Profit-Sharing-And-Savings-Plan-And-Trust/2012/
"Love's Travel Stops & Country Stores, Inc.","Love's Travel Stops & Country Stores, Inc.",Loves Travel Stops & Country Stores,http://www.brightscope.com/form-5500/basic-info/339879/Loves-Travel-Stops-Country-Stores/344681/Loves-And-Affiliated-Companies-401k-Savings-Plan/2012/
Bechtel Corporation,Bechtel Corporation,Bechtel Corporation,http://www.brightscope.com/form-5500/basic-info/415685/Bechtel-Corporation/421149/Bechtel-Trust-Thrift-Plan/2013/
"Sheetz, Inc.","Sheetz, Inc.","Sheetz, Inc.",http://www.brightscope.com/form-5500/basic-info/1021667/Sheetz-Inc/1199589/Sheetz-Inc-401k-Retirement-Plan/2012/
"OPOWER, Inc.","OPOWER, Inc.","Opower, Inc.",http://www.brightscope.com/form-5500/basic-info/516728/Opower-Inc/531748/Opower-Inc-401k-Ps-Plan/2012/
"Stripe, Inc.","Stripe, Inc.","Blue Stripe Software, Inc.",http://www.brightscope.com/form-5500/basic-info/690671/Blue-Stripe-Software-Inc/726950/Blue-Stripe-Software-Inc-401k-Plan/2013/
Better World Books,Better World Books,"Qumpus, Inc. d/b/a Better World Book",http://www.brightscope.com/form-5500/basic-info/67958/Qumpus-Inc-Dba-Better-World-Book/69055/Better-World-Books-401k-Profit-Sharing-Plan-Trust/2012/
(add)ventures,Add Ventures Inc.,Add Ventures Inc.,http://www.brightscope.com/form-5500/basic-info/1305744/Add-Ventures-Inc/13860243/Add-Ventures-Inc-401k-Plan/2013/
Tory Burch LLC,Tory Burch LLC,"Tory Burch, LLC",http://www.brightscope.com/form-5500/basic-info/278365/Tory-Burch-Llc/282633/Tory-Burch-Llc-401k-Plan/2012/
Smashburger Master LLC,Smashburger Master LLC,"River Smash, LLC Dba Smashburger",http://www.brightscope.com/form-5500/basic-info/1311718/River-Smash-Llc-Dba-Smashburger/13867317/Smashburger-401k-Plan/2012/
Tribune Company,Tribune Company,"Tribune Publishing Company, Inc.",http://www.brightscope.com/form-5500/basic-info/372072/Tribune-Publishing-Company-Inc/377106/Tribune-Publishing-Company-401k-Savings-Plan/2012/
"24 Hour Fitness Worldwide, Inc.","24 Hour Fitness Worldwide, Inc.","24 Hour Fitness USA, Inc.",http://www.brightscope.com/form-5500/basic-info/417127/24-Hour-Fitness-Usa-Inc/422608/24-Hour-Fitness-Savings-And-Investment-Plan/2012/
Weber-Stephen Products LLC,Weber-Stephen Products LLC,Weber-Stephen Products LLC,http://www.brightscope.com/form-5500/basic-info/1305732/Weber-Stephen-Products-Llc/13911340/The-Weber-Stephen-Products-Llc-Profit-Sharing-Plan/2012/
Bloom Energy Corporation,Bloom Energy Corporation,Bloom Energy Corporation,http://www.brightscope.com/form-5500/basic-info/369004/Bloom-Energy-Corporation/374020/Bloom-Energy-Corporation-401k-Plan/2012/
Beachbody LLC,Beachbody LLC,"Beachbody, LLC",http://www.brightscope.com/form-5500/basic-info/436033/Beachbody-Llc/441781/Beachbody-Llc-401k-Plan/2012/
"Euromarket Designs, Inc.","Euromarket Designs, Inc.","Euromarket Designs, Inc.",http://www.brightscope.com/form-5500/basic-info/166196/Euromarket-Designs-Inc/168793/Crate-And-Barrel-401k-Plan/2012/
A. T. Kearney Inc.,A. T. Kearney Inc.,"A.T. Kearney, Inc.",http://www.brightscope.com/form-5500/basic-info/355260/At-Kearney-Inc/360181/At-Kearney-Inc-401k-And-Profit-Sharing-Retirement-Plan/2013/
"Fry's Electronics, Inc.","Fry's Electronics, Inc.","Fry's Electronics, Inc.",http://www.brightscope.com/form-5500/basic-info/363774/Frys-Electronics-Inc/368764/Frys-Electronics-Inc-401k-Plan/2012/
First Data Corporation,First Data Corporation,First Data Corporation,http://www.brightscope.com/form-5500/basic-info/237575/First-Data-Corporation/241499/First-Data-Corporation-Incentive-Savings-Plan/2013/
Advance Publications Inc.,Advance Publications Inc.,"Advance Publications, Inc.",http://www.brightscope.com/form-5500/basic-info/55222/Advance-Publications-Inc/13905637/Advance-401k-Plan/2012/
SurveyMonkey,SurveyMonkey,"Surveymonkey.Com, LLC, A Delaware LLC",http://www.brightscope.com/form-5500/basic-info/1253545/Surveymonkeycom-Llc-A-Delaware-Llc/13798411/Surveymonkey-401k-Plan/2012/
